id,action_time,object_id,object_repr,action_flag,change_message,content_type_id,user_id
1,2023-12-15 00:20:22.399866+01,1,Moderator object (1),1,"[{'"added'": {}}]",3,1
2,2023-12-15 13:23:38.030069+01,2,Moderator object (2),1,"[{'"added'": {}}]",3,1
5,2023-12-15 17:37:57.133749+01,2,Moderator object (2),2,"[{'"changed'": {'"fields'": ['"UserName'"]}}]",3,1
6,2023-12-15 17:38:54.009745+01,2,Moderator object (2),2,"[{'"changed'": {'"fields'": ['"UserName'"]}}]",3,1
7,2023-12-15 17:50:44.996742+01,3,Moderator object (3),1,"[{'"added'": {}}]",3,1
8,2023-12-15 17:57:30.848747+01,4,Moderator object (4),1,"[{'"added'": {}}]",3,1
9,2023-12-15 17:59:08.043745+01,4,Moderator object (4),3,"",3,1
10,2023-12-15 18:01:09.941095+01,5,Moderator object (5),1,"[{'"added'": {}}]",3,1
11,2023-12-15 18:01:18.489095+01,5,Moderator object (5),3,"",3,1
12,2023-12-15 18:02:36.96609+01,6,Moderator object (6),1,"[{'"added'": {}}]",3,1
13,2023-12-15 18:02:48.045092+01,6,Moderator object (6),3,"",3,1
14,2023-12-15 18:03:59.301092+01,7,Moderator object (7),1,"[{'"added'": {}}]",3,1
15,2023-12-15 18:04:11.5511+01,7,Moderator object (7),3,"",3,1
16,2023-12-15 18:05:29.837089+01,8,Moderator object (8),1,"[{'"added'": {}}]",3,1
20,2023-12-15 18:19:41.016093+01,8,Moderator object (8),3,"",3,1
21,2023-12-15 18:20:27.372092+01,9,Moderator object (9),1,"[{'"added'": {}}]",3,1
22,2023-12-15 18:20:52.63009+01,9,Moderator object (9),3,"",3,1
23,2023-12-15 18:27:41.57909+01,10,Moderator object (10),1,"[{'"added'": {}}]",3,2
24,2023-12-15 23:28:26.477729+01,10,Moderator object (10),2,"[{'"changed'": {'"fields'": ['"UserName'"]}}]",3,2
25,2023-12-21 17:29:25.552591+01,1,Moderator object (1),1,"[{'"added'": {}}]",12,2
26,2023-12-21 17:37:04.675586+01,2,Moderator object (2),1,"[{'"added'": {}}]",12,2
27,2023-12-21 17:41:06.808079+01,3,Moderator object (3),1,"[{'"added'": {}}]",12,2
28,2023-12-21 17:45:14.537084+01,4,mod4,1,"[{'"added'": {}}]",12,2
29,2023-12-23 16:55:58.634552+01,4,mod41,2,"[{'"changed'": {'"fields'": ['"UserName'", '"FamilyName'"]}}]",12,2
30,2023-12-23 17:52:26.457648+01,4,mod41,3,"",12,2
31,2023-12-23 23:09:13.992418+01,5,mod4,1,"[{'"added'": {}}]",12,2
32,2023-12-23 23:29:52.156699+01,5,mod4,2,[],12,2
33,2023-12-23 23:30:05.349696+01,5,mod4,2,"[{'"changed'": {'"fields'": ['"FamilyName'"]}}]",12,2
34,2023-12-23 23:31:16.179699+01,5,mod4,2,"[{'"changed'": {'"fields'": ['"Password'"]}}]",12,2
35,2023-12-25 16:01:13.732441+01,6,mod5,1,"[{'"added'": {}}]",12,1
36,2023-12-25 16:13:02.075461+01,3,mod3,2,"[{'"changed'": {'"fields'": ['"FirstName'"]}}]",12,1
37,2023-12-25 16:14:32.027462+01,2,mod2,2,"[{'"changed'": {'"fields'": ['"FirstName'"]}}]",12,1
